category,proportion
Neutrophile,19.476948279897027
Éosinophile,18.236601919026445
IG,16.937748654341213
Plaquette,13.737421015679852
Érythroblaste,9.074420781652234
Monocyte,8.307980341680318
Basophile,7.126140884624385
Lymphocyte,7.102738123098526
